event_title,event_date_str,source_url,is_free_indicator_present,site_scraped_from,detailed_text,primary_pdf_url_on_detail_page,pdf_extracted_text,event_date_iso,is_attendable_event_llm,cost_status_llm
DRI seizes heroin and methamphetamine worth around Rs. 23.5 crore in two operations i...,N/A,https://pib.gov.in/PressReleseDetail.aspx?PRID=2131923,False,https://pib.gov.in,"Continuing the crackdown on the smuggling and trafficking of contraband drugs in the North Eastern Region, the Directorate of Revenue Intelligence (DRI), with the assistance of 19 BN Assam Rifles, intercepted a truck at Noney, Manipur, on NH-37 on 21.5.2025 and seized 569 grams of heroin and 1,039 grams of methamphetamine tablets. The packets containing the contraband drugs were found concealed in a specially fabricated cavity/ chamber on the truck's chassis.

In another operation, the DRI, with the assistance of Assam Rifles FIU Unit Silchar, intercepted a truck at Aloicherra, Hailakandi District, Assam, on 22.05.2025 and seized 2,640.53 grams of heroin. The packets containing the drug were deeply concealed in a specially built/fabricated cavity on the truck's bedload floor.

The recovered contraband drugs, worth around Rs. 23.5 crore in the international grey drug market, have been seized under the NDPS Act, 1985, and four persons have been arrested.

Since January of this year, DRI has seized contraband like ganja , methamphetamine tablets and heroin worth Rs. 173 crore and arrested 26 persons in the North Eastern Region.

Continuing the crackdown on the smuggling and trafficking of contraband drugs in the North Eastern Region, the Directorate of Revenue Intelligence (DRI), with the assistance of 19 BN Assam Rifles, intercepted a truck at Noney, Manipur, on NH-37 on 21.5.2025 and seized 569 grams of heroin and 1,039 grams of methamphetamine tablets. The packets containing the contraband drugs were found concealed in a specially fabricated cavity/ chamber on the truck's chassis.

In another operation, the DRI, with the assistance of Assam Rifles FIU Unit Silchar, intercepted a truck at Aloicherra, Hailakandi District, Assam, on 22.05.2025 and seized 2,640.53 grams of heroin. The packets containing the drug were deeply concealed in a specially built/fabricated cavity on the truck's bedload floor.

The recovered contraband drugs, worth around Rs. 23.5 crore in the international grey drug market, have been seized under the NDPS Act, 1985, and four persons have been arrested.

Since January of this year, DRI has seized contraband like ganja , methamphetamine tablets and heroin worth Rs. 173 crore and arrested 26 persons in the North Eastern Region.",,,,NO,NOT_APPLICABLE
TRAI releases Consultation Paper on Assignment of the Microwave Spectrum in 6 GHz (lo...,N/A,https://pib.gov.in/PressReleseDetail.aspx?PRID=2131885,False,https://pib.gov.in,"The Telecom Regulatory Authority of India (TRAI) has today released a Consultation Paper on Assignment of the Microwave Spectrum in 6 GHz (lower), 7 GHz, 13 GHz, 15 GHz, 18 GHz, 21 GHz Bands, E-Band, and V-Band .

Earlier, the Department of Telecommunications (DoT), through a letter dated 12.08.2022, had requested TRAI to provide recommendations for assignment of spectrum in E&V Bands and Microwave Access (MWA) & Microwave Backbone (MWB) spectrum in frequency bands of 6/ 7/ 13/ 15/ 18/ 21 GHz. In this regard, TRAI released a consultation paper on Assignment of Spectrum in E&V Bands, and Microwave Access (MWA) & Microwave Backbone (MWB) for soliciting comments of stakeholders on the subject.

In the meanwhile, the Telecommunication Act, 2023 was enacted in December 2023. In light of the provisions of the Telecommunications Act, 2023 in respect of radio backhaul for telecommunication services, TRAI, through a letter dated 20.02.2024, conveyed to DoT that “ the DoT's Reference dated 12.08.2022, requesting TRAI to provide its recommendations for (a) methodology of auction of E&V band spectrum and (b) allocation methodology of MWA and MWB RF carriers in 6/7/13/15/18/21 GHz bands, may require a review by DoT. Therefore, DoT is requested to provide the specific issues on which TRAI's recommendations are now required on the subject. ”

In response, DoT, through a fresh reference letter dated 13.09.2024, while agreeing to the TRAI's observation that backhaul spectrum is a part of the First Schedule of the Telecommunications Act, 2023 for which the assignment method would be administrative, requested TRAI to provide recommendations under Section 11(1)(a) of the TRAI Act, 1997 on the following aspects:

In this regard, a consultation paper on Assignment of the Microwave Spectrum in 6 GHz (lower), 7 GHz, 13 GHz, 15 GHz, 18 GHz, 21 GHz Bands, E-Band, and V-Band has been placed on the TRAI’s website ( www.trai.gov.in ) for seeking comments and counter-comments from stakeholders. Written comments on the issues raised in the consultation paper are invited from stakeholders by 25 th June 2025 and counter-comments by 9 th July 2025.

The comments/ counter-comments may be sent, preferably in electronic form at advmn@trai.gov.in. For any clarification/ information, Shri Akhilesh Kumar Trivedi, Advisor (Networks, Spectrum & Licensing), TRAI may be contacted at telephone number +91-11-20907758.

The Telecom Regulatory Authority of India (TRAI) has today released a Consultation Paper on Assignment of the Microwave Spectrum in 6 GHz (lower), 7 GHz, 13 GHz, 15 GHz, 18 GHz, 21 GHz Bands, E-Band, and V-Band .

Earlier, the Department of Telecommunications (DoT), through a letter dated 12.08.2022, had requested TRAI to provide recommendations for assignment of spectrum in E&V Bands and Microwave Access (MWA) & Microwave Backbone (MWB) spectrum in frequency bands of 6/ 7/ 13/ 15/ 18/ 21 GHz. In this regard, TRAI released a consultation paper on Assignment of Spectrum in E&V Bands, and Microwave Access (MWA) & Microwave Backbone (MWB) for soliciting comments of stakeholders on the subject.

In the meanwhile, the Telecommunication Act, 2023 was enacted in December 2023. In light of the provisions of the Telecommunications Act, 2023 in respect of radio backhaul for telecommunication services, TRAI, through a letter dated 20.02.2024, conveyed to DoT that “ the DoT's Reference dated 12.08.2022, requesting TRAI to provide its recommendations for (a) methodology of auction of E&V band spectrum and (b) allocation methodology of MWA and MWB RF carriers in 6/7/13/15/18/21 GHz bands, may require a review by DoT. Therefore, DoT is requested to provide the specific issues on which TRAI's recommendations are now required on the subject. ”

In response, DoT, through a fresh reference letter dated 13.09.2024, while agreeing to the TRAI's observation that backhaul spectrum is a part of the First Schedule of the Telecommunications Act, 2023 for which the assignment method would be administrative, requested TRAI to provide recommendations under Section 11(1)(a) of the TRAI Act, 1997 on the following aspects:

In this regard, a consultation paper on Assignment of the Microwave Spectrum in 6 GHz (lower), 7 GHz, 13 GHz, 15 GHz, 18 GHz, 21 GHz Bands, E-Band, and V-Band has been placed on the TRAI’s website ( www.trai.gov.in ) for seeking comments and counter-comments from stakeholders. Written comments on the issues raised in the consultation paper are invited from stakeholders by 25 th June 2025 and counter-comments by 9 th July 2025.

The comments/ counter-comments may be sent, preferably in electronic form at advmn@trai.gov.in. For any clarification/ information, Shri Akhilesh Kumar Trivedi, Advisor (Networks, Spectrum & Licensing), TRAI may be contacted at telephone number +91-11-20907758.",,,,UNCERTAIN,NOT_APPLICABLE
TRAI releases Consultation Paper on Assignment of the Microwave Spectrum in 6 GHz (lo...,N/A,https://pib.gov.in/PressReleseDetail.aspx?PRID=2131884,False,https://pib.gov.in,,,,,UNCERTAIN,NOT_APPLICABLE
"PM to visit Sikkim, West Bengal, Bihar and Uttar Pradesh on 29th and 30th May",N/A,https://pib.gov.in/PressReleseDetail.aspx?PRID=2131864,False,https://pib.gov.in,"Prime Minister Shri Narendra Modi will visit Sikkim, West Bengal, Bihar and Uttar Pradesh on 29th and 30th May.

On 29th May, Prime Minister will visit Sikkim where he will participate in the “Sikkim@50: Where Progress meets purpose and nature nurtures growth” programme at around 11 AM. He will also lay the foundation stone and inaugurate multiple development projects in Sikkim and address the gathering on the occasion.

Later, Prime Minister will visit West Bengal where he will lay the foundation stone of City Gas Distribution project in Alipurduar and Cooch Behar districts in Alipurduar at around 2:15 PM.

Further, Prime Minister will visit Bihar and inaugurate the new terminal building of Patna Airport at around 5:45 PM.

On 30th May, at around 11 AM, he will inaugurate, lay the foundation stone and dedicate to the nation multiple development projects worth over Rs 48,520 crore in Karakat, Bihar. He will also address a public function.

Thereafter, Prime Minister will visit Uttar Pradesh where he will lay the foundation stone and inaugurate multiple development projects worth around Rs 20,900 crore at Kanpur Nagar at around 2:45 PM. He will also address a public function.

Marking 50 glorious years of Statehood, Prime Minister will participate in Sikkim@50: Where Progress meets purpose and nature nurtures growth. The Government of Sikkim has planned a year long series of activities under the theme “Sunaulo, Samriddha and Samarth Sikkim”, celebrating the essence of Sikkim’s cultural richness, tradition, natural splendour and its history.

Prime Minister will also lay the foundation stone and inaugurate multiple development projects in Sikkim. Projects include a new 500-bedded District hospital worth over Rs 750 crore in Namchi district; Passenger Ropeway at Sangachoeling, Pelling in Gyalshing District; Statue of Bharat Ratna Atal Bihari Vajpayee ji at Atal Amrit Udyan at Sangkhola in Gangtok District among others.

Prime Minister will also release the Commemorative coin, souvenir coin and stamp of 50 years of Statehood.

In a significant step towards expanding the City Gas Distribution (CGD) network in India, Prime Minister will lay the foundation stone of the CGD project in Alipurduar and Cooch Behar districts of West Bengal. The project, worth over Rs 1010 crore, aims to provide Piped Natural Gas (PNG) to more than 2.5 Lakh households, over 100 commercial establishments and industries besides providing Compressed Natural Gas (CNG) to vehicular traffic by establishing around 19 CNG stations in line with the Minimum Work Program (MWP) targets stipulated by the Government. It will provide convenient, reliable, environment-friendly and cost-effective fuel supply and create employment opportunities in the region.

On 29th May, Prime Minister will inaugurate the newly constructed passenger terminal of Patna Airport. The new terminal built at a cost of around Rs 1200 crore can handle 1 crore passengers per year. He will also lay the foundation stone of the new civil enclave of Bihta Airport worth over Rs 1410 crore. The Bihta airport will serve the town which is  rapidly emerging as an educational hub near Patna, housing IIT Patna and the proposed NIT Patna campus.

On 30th May, Prime Minister will inaugurate, lay the foundation stone and dedicate to the nation multiple development projects worth over Rs 48,520 crore in Karakat.

Boosting power infrastructure in the region, Prime Minister will lay the foundation stone for the Nabinagar Super Thermal Power Project, Stage-II (3x800 MW) in Aurangabad district worth over Rs 29,930 crore, which will aim at ensuring energy security for Bihar and eastern India. It will boost industrial growth, create job opportunities, and provide affordable electricity in the region.

In a major boost to the road infrastructure and connectivity in the region, Prime Minister will lay the foundation stone for various road projects including the Four-Laning of the Patna–Arrah–Sasaram section of NH-119A, and the Six-Laning of the Varanasi–Ranchi–Kolkata highway (NH-319B) and Ramnagar–Kacchi Dargah stretch (NH-119D), and construction of a new Ganga bridge between Buxar and Bharauli. These projects will create seamless high-speed corridors in the state along with boosting trade and regional connectivity. He will also inaugurate the four Laning of Patna – Gaya – Dobhi section of NH – 22, worth around Rs 5,520 crore and four Laning of the elevated highway and at grade improvements at Gopalganj Town on NH – 27, among others.

In line with his commitment to improving rail infrastructure across the country, Prime Minister will dedicate to the nation the 3rd Rail Line between Son Nagar – Mohammad Ganj worth over Rs 1330 crore, among others.

Prime Minister will lay the foundation stone and inaugurate multiple development projects aimed at boosting the region's infrastructure and connectivity. He will inaugurate the Chunniganj Metro Station to Kanpur Central Metro Station section of Kanpur Metro Rail Project worth over Rs 2,120 crore. It will include 14 planned stations with five new underground stations integrating key city landmarks and commercial hubs into the metro network. Additionally, he will also inaugurate road widening and strengthening work of G.T. Road.

In order to boost power generation capacity in the region, multiple projects will be undertaken. Prime Minister will lay the foundation stone of a 220 kV substation in Sector 28 at Yamuna Expressway Industrial Development Authority (YEIDA), Gautam Buddh Nagar to meet the growing energy demands of the region. He will also inaugurate 132 kV Substations worth over Rs 320 crore at Ecotech-8 and Ecotech-10 in Greater Noida.

Prime Minister will inaugurate a 660 MW Panki Thermal Power Extension Project in Kanpur worth over Rs 8,300 crore enhancing Uttar Pradesh's energy capacity. He will also inaugurate three 660 MW units of Ghatampur Thermal Power Project worth over Rs 9,330 crore bolstering the power supply significantly.

Prime Minister will also inaugurate Rail over bridges over Panki Power House Railway Crossing and over Panki Dham Crossing on Panki Road at Kalyanpur Panki Mandir in Kanpur. It will support the Panki Thermal Power Extension Project's logistics by facilitating coal and oil transport while also alleviating traffic congestion for the local population.

Prime Minister will inaugurate 40 MLD (Million Liters per Day) Tertiary Treatment Plant at Bingawan in Kanpur worth over Rs 290 crore. It will enable the reuse of treated sewage water, promoting water conservation and sustainable resource management in the region.

In a major boost to road infrastructure in the region, Prime Minister will lay the foundation stone for widening and strengthening of Gauria Pali Marg for industrial development in Kanpur Nagar District; and widening and strengthening of road to connect Narwal Mode (AH-1) on Prayagraj Highway to Kanpur Defence Node (4 lane) under Defence Corridor in Kanpur Nagar District which will significantly improve connectivity for the Defence Corridor, enhancing logistics and accessibility.

Prime Minister will also distribute certificates and cheques to the beneficiaries of PM Ayushman Vay Vandana Yojna, National Livelihood Mission and PM Surya Ghar Muft Bijli Yojana.

Prime Minister Shri Narendra Modi will visit Sikkim, West Bengal, Bihar and Uttar Pradesh on 29th and 30th May.

On 29th May, Prime Minister will visit Sikkim where he will participate in the “Sikkim@50: Where Progress meets purpose and nature nurtures growth” programme at around 11 AM. He will also lay the foundation stone and inaugurate multiple development projects in Sikkim and address the gathering on the occasion.

Later, Prime Minister will visit West Bengal where he will lay the foundation stone of City Gas Distribution project in Alipurduar and Cooch Behar districts in Alipurduar at around 2:15 PM.

Further, Prime Minister will visit Bihar and inaugurate the new terminal building of Patna Airport at around 5:45 PM.

On 30th May, at around 11 AM, he will inaugurate, lay the foundation stone and dedicate to the nation multiple development projects worth over Rs 48,520 crore in Karakat, Bihar. He will also address a public function.

Thereafter, Prime Minister will visit Uttar Pradesh where he will lay the foundation stone and inaugurate multiple development projects worth around Rs 20,900 crore at Kanpur Nagar at around 2:45 PM. He will also address a public function.

Marking 50 glorious years of Statehood, Prime Minister will participate in Sikkim@50: Where Progress meets purpose and nature nurtures growth. The Government of Sikkim has planned a year long series of activities under the theme “Sunaulo, Samriddha and Samarth Sikkim”, celebrating the essence of Sikkim’s cultural richness, tradition, natural splendour and its history.

Prime Minister will also lay the foundation stone and inaugurate multiple development projects in Sikkim. Projects include a new 500-bedded District hospital worth over Rs 750 crore in Namchi district; Passenger Ropeway at Sangachoeling, Pelling in Gyalshing District; Statue of Bharat Ratna Atal Bihari Vajpayee ji at Atal Amrit Udyan at Sangkhola in Gangtok District among others.

Prime Minister will also release the Commemorative coin, souvenir coin and stamp of 50 years of Statehood.

In a significant step towards expanding the City Gas Distribution (CGD) network in India, Prime Minister will lay the foundation stone of the CGD project in Alipurduar and Cooch Behar districts of West Bengal. The project, worth over Rs 1010 crore, aims to provide Piped Natural Gas (PNG) to more than 2.5 Lakh households, over 100 commercial establishments and industries besides providing Compressed Natural Gas (CNG) to vehicular traffic by establishing around 19 CNG stations in line with the Minimum Work Program (MWP) targets stipulated by the Government. It will provide convenient, reliable, environment-friendly and cost-effective fuel supply and create employment opportunities in the region.

On 29th May, Prime Minister will inaugurate the newly constructed passenger terminal of Patna Airport. The new terminal built at a cost of around Rs 1200 crore can handle 1 crore passengers per year. He will also lay the foundation stone of the new civil enclave of Bihta Airport worth over Rs 1410 crore. The Bihta airport will serve the town which is  rapidly emerging as an educational hub near Patna, housing IIT Patna and the proposed NIT Patna campus.

On 30th May, Prime Minister will inaugurate, lay the foundation stone and dedicate to the nation multiple development projects worth over Rs 48,520 crore in Karakat.

Boosting power infrastructure in the region, Prime Minister will lay the foundation stone for the Nabinagar Super Thermal Power Project, Stage-II (3x800 MW) in Aurangabad district worth over Rs 29,930 crore, which will aim at ensuring energy security for Bihar and eastern India. It will boost industrial growth, create job opportunities, and provide affordable electricity in the region.

In a major boost to the road infrastructure and connectivity in the region, Prime Minister will lay the foundation stone for various road projects including the Four-Laning of the Patna–Arrah–Sasaram section of NH-119A, and the Six-Laning of the Varanasi–Ranchi–Kolkata highway (NH-319B) and Ramnagar–Kacchi Dargah stretch (NH-119D), and construction of a new Ganga bridge between Buxar and Bharauli. These projects will create seamless high-speed corridors in the state along with boosting trade and regional connectivity. He will also inaugurate the four Laning of Patna – Gaya – Dobhi section of NH – 22, worth around Rs 5,520 crore and four Laning of the elevated highway and at grade improvements at Gopalganj Town on NH – 27, among others.

In line with his commitment to improving rail infrastructure across the country, Prime Minister will dedicate to the nation the 3rd Rail Line between Son Nagar – Mohammad Ganj worth over Rs 1330 crore, among others.

Prime Minister will lay the foundation stone and inaugurate multiple development projects aimed at boosting the region's infrastructure and connectivity. He will inaugurate the Chunniganj Metro Station to Kanpur Central Metro Station section of Kanpur Metro Rail Project worth over Rs 2,120 crore. It will include 14 planned stations with five new underground stations integrating key city landmarks and commercial hubs into the metro network. Additionally, he will also inaugurate road widening and strengthening work of G.T. Road.

In order to boost power generation capacity in the region, multiple projects will be undertaken. Prime Minister will lay the foundation stone of a 220 kV substation in Sector 28 at Yamuna Expressway Industrial Development Authority (YEIDA), Gautam Buddh Nagar to meet the growing energy demands of the region. He will also inaugurate 132 kV Substations worth over Rs 320 crore at Ecotech-8 and Ecotech-10 in Greater Noida.

Prime Minister will inaugurate a 660 MW Panki Thermal Power Extension Project in Kanpur worth over Rs 8,300 crore enhancing Uttar Pradesh's energy capacity. He will also inaugurate three 660 MW units of Ghatampur Thermal Power Project worth over Rs 9,330 crore bolstering the power supply significantly.

Prime Minister will also inaugurate Rail over bridges over Panki Power House Railway Crossing and over Panki Dham Crossing on Panki Road at Kalyanpur Panki Mandir in Kanpur. It will support the Panki Thermal Power Extension Project's logistics by facilitating coal and oil transport while also alleviating traffic congestion for the local population.

Prime Minister will inaugurate 40 MLD (Million Liters per Day) Tertiary Treatment Plant at Bingawan in Kanpur worth over Rs 290 crore. It will enable the reuse of treated sewage water, promoting water conservation and sustainable resource management in the region.

In a major boost to road infrastructure in the region, Prime Minister will lay the foundation stone for widening and strengthening of Gauria Pali Marg for industrial development in Kanpur Nagar District; and widening and strengthening of road to connect Narwal Mode (AH-1) on Prayagraj Highway to Kanpur Defence Node (4 lane) under Defence Corridor in Kanpur Nagar District which will significantly improve connectivity for the Defence Corridor, enhancing logistics and accessibility.

Prime Minister will also distribute certificates and cheques to the beneficiaries of PM Ayushman Vay Vandana Yojna, National Livelihood Mission and PM Surya Ghar Muft Bijli Yojana.",,,,UNCERTAIN,NOT_APPLICABLE
"Govt notifies Rules under Inter-Services Organisations (Command, Control & Discipline...",N/A,https://pib.gov.in/PressReleseDetail.aspx?PRID=2131856,False,https://pib.gov.in,"The Rules formulated under the Inter-Services Organisations (Command, Control and Discipline) Act 2023 have been notified through a Gazette Notification and will come into effect from May 27, 2025. This significant step aims to bolster effective command, control, and efficient functioning of Inter-Services Organisations (ISOs), thereby strengthening jointness among the Armed Forces.

The Bill was passed by both Houses of Parliament during the Monsoon Session of 2023. It received the assent of the President on August 15, 2023, and the Act came into force with effect from May 10, 2024, as per the Gazette Notification dated May 08, 2024. Subsequently, the ISOs were notified through Gazette Notification No SRO 72 dated December 27, 2024.

The Act empowers the Commanders-in-Chief and Officers-in-Command of the ISOs to exercise command and control over the service personnel serving under them, ensuring effective maintenance of discipline and administration within the organisations. This is achieved without altering the unique service conditions applicable to each branch of the Armed Forces.

The newly notified subordinate Rules, framed under Section 11 of the Act, are intended to facilitate the effective implementation of the provisions laid down in the legislation. These Rules are a critical enabler for the functioning of the ISOs and establish a comprehensive framework for discipline, administrative control, and operational synergy.

With the notification of these Rules, the Act is now fully operational. This will empower the heads of the ISOs, enable the expeditious disposal of disciplinary cases, and help avoid the duplication of proceedings.

The Rules formulated under the Inter-Services Organisations (Command, Control and Discipline) Act 2023 have been notified through a Gazette Notification and will come into effect from May 27, 2025. This significant step aims to bolster effective command, control, and efficient functioning of Inter-Services Organisations (ISOs), thereby strengthening jointness among the Armed Forces.

The Bill was passed by both Houses of Parliament during the Monsoon Session of 2023. It received the assent of the President on August 15, 2023, and the Act came into force with effect from May 10, 2024, as per the Gazette Notification dated May 08, 2024. Subsequently, the ISOs were notified through Gazette Notification No SRO 72 dated December 27, 2024.

The Act empowers the Commanders-in-Chief and Officers-in-Command of the ISOs to exercise command and control over the service personnel serving under them, ensuring effective maintenance of discipline and administration within the organisations. This is achieved without altering the unique service conditions applicable to each branch of the Armed Forces.

The newly notified subordinate Rules, framed under Section 11 of the Act, are intended to facilitate the effective implementation of the provisions laid down in the legislation. These Rules are a critical enabler for the functioning of the ISOs and establish a comprehensive framework for discipline, administrative control, and operational synergy.

With the notification of these Rules, the Act is now fully operational. This will empower the heads of the ISOs, enable the expeditious disposal of disciplinary cases, and help avoid the duplication of proceedings.",,,2025-05-27,UNCERTAIN,NOT_APPLICABLE
Prime Minister pays homage to Shri N. T. Rama Rao,N/A,https://pib.gov.in/PressReleseDetail.aspx?PRID=2131855,False,https://pib.gov.in,"Prime Minister, Shri Narendra Modi, paid homage to Shri N. T. Rama Rao on his birth anniversary, today. ""He is widely admired for his efforts to serve society and empower the poor and downtrodden"", Shri Modi stated.

The Prime Minister posted on X : ""I pay homage to NTR Garu on his birth anniversary. He is widely admired for his efforts to serve society and empower the poor and downtrodden. His cinematic works also continue to enthral audiences. We are all deeply inspired by him.

The NDA Government in Andhra Pradesh, led by my friend Chandrababu Naidu Garu is working to fulfil NTR’s vision.""

I pay homage to NTR Garu on his birth anniversary. He is widely admired for his efforts to serve society and empower the poor and downtrodden. His cinematic works also continue to enthral audiences. We are all deeply inspired by him. The NDA Government in Andhra Pradesh, led by…

Prime Minister, Shri Narendra Modi, paid homage to Shri N. T. Rama Rao on his birth anniversary, today. ""He is widely admired for his efforts to serve society and empower the poor and downtrodden"", Shri Modi stated.

The Prime Minister posted on X : ""I pay homage to NTR Garu on his birth anniversary. He is widely admired for his efforts to serve society and empower the poor and downtrodden. His cinematic works also continue to enthral audiences. We are all deeply inspired by him.

The NDA Government in Andhra Pradesh, led by my friend Chandrababu Naidu Garu is working to fulfil NTR’s vision.""

I pay homage to NTR Garu on his birth anniversary. He is widely admired for his efforts to serve society and empower the poor and downtrodden. His cinematic works also continue to enthral audiences. We are all deeply inspired by him. The NDA Government in Andhra Pradesh, led by…",,,,UNCERTAIN,NOT_APPLICABLE
Prime Minister pays homage to Veer Savarkar Ji,N/A,https://pib.gov.in/PressReleseDetail.aspx?PRID=2131854,False,https://pib.gov.in,"Prime Minister, Shri Narendra Modi, paid homage to Veer Savarkar Ji on his birth anniversary today. ""The grateful nation can never forget the saga of his indomitable courage and struggle in the freedom movement. His sacrifice and dedication for the country will continue to guide the path in building a developed India"", Shri Modi stated.

The Prime Minister posted on X : ""भारत माता के सच्चे सपूत वीर सावरकर जी को उनकी जन्म-जयंती पर आदरपूर्ण श्रद्धांजलि। विदेशी हुकूमत की कठोर से कठोर यातनाएं भी मातृभूमि के प्रति उनके समर्पण भाव को डिगा नहीं पाईं। आजादी के आंदोलन में उनके अदम्य साहस और संघर्ष की गाथा को कृतज्ञ राष्ट्र कभी भुला नहीं सकता। देश के लिए उनका त्याग और समर्पण विकसित भारत के निर्माण में भी पथ-प्रदर्शक बना रहेगा।""

भारत माता के सच्चे सपूत वीर सावरकर जी को उनकी जन्म-जयंती पर आदरपूर्ण श्रद्धांजलि। विदेशी हुकूमत की कठोर से कठोर यातनाएं भी मातृभूमि के प्रति उनके समर्पण भाव को डिगा नहीं पाईं। आजादी के आंदोलन में उनके अदम्य साहस और संघर्ष की गाथा को कृतज्ञ राष्ट्र कभी भुला नहीं सकता। देश के लिए… pic.twitter.com/3OsxSN905I

Prime Minister, Shri Narendra Modi, paid homage to Veer Savarkar Ji on his birth anniversary today. ""The grateful nation can never forget the saga of his indomitable courage and struggle in the freedom movement. His sacrifice and dedication for the country will continue to guide the path in building a developed India"", Shri Modi stated.

The Prime Minister posted on X : ""भारत माता के सच्चे सपूत वीर सावरकर जी को उनकी जन्म-जयंती पर आदरपूर्ण श्रद्धांजलि। विदेशी हुकूमत की कठोर से कठोर यातनाएं भी मातृभूमि के प्रति उनके समर्पण भाव को डिगा नहीं पाईं। आजादी के आंदोलन में उनके अदम्य साहस और संघर्ष की गाथा को कृतज्ञ राष्ट्र कभी भुला नहीं सकता। देश के लिए उनका त्याग और समर्पण विकसित भारत के निर्माण में भी पथ-प्रदर्शक बना रहेगा।""

भारत माता के सच्चे सपूत वीर सावरकर जी को उनकी जन्म-जयंती पर आदरपूर्ण श्रद्धांजलि। विदेशी हुकूमत की कठोर से कठोर यातनाएं भी मातृभूमि के प्रति उनके समर्पण भाव को डिगा नहीं पाईं। आजादी के आंदोलन में उनके अदम्य साहस और संघर्ष की गाथा को कृतज्ञ राष्ट्र कभी भुला नहीं सकता। देश के लिए… pic.twitter.com/3OsxSN905I",,,,UNCERTAIN,NOT_APPLICABLE
Prime Minister attends the Civil Investiture Ceremony-II,N/A,https://pib.gov.in/PressReleseDetail.aspx?PRID=2131844,False,https://pib.gov.in,"Prime Minister, Shri Narendra Modi, today, attended the Civil Investiture Ceremony-II, where the Padma Awards were presented. ""The Padma awardees have made notable contributions to our society. The life journeys of those who were conferred the Padma are deeply motivating"", Shri Modi added.

The Prime Minister posted on X : ""Attended the Civil Investiture Ceremony-II, where the Padma Awards were presented. The Padma awardees have made notable contributions to our society. The life journeys of those who were conferred the Padma are deeply motivating.""

Attended the Civil Investiture Ceremony-II, where the Padma Awards were presented. The Padma awardees have made notable contributions to our society. The life journeys of those who were conferred the Padma are deeply motivating. pic.twitter.com/A4Z8wAv2pb

Prime Minister, Shri Narendra Modi, today, attended the Civil Investiture Ceremony-II, where the Padma Awards were presented. ""The Padma awardees have made notable contributions to our society. The life journeys of those who were conferred the Padma are deeply motivating"", Shri Modi added.

The Prime Minister posted on X : ""Attended the Civil Investiture Ceremony-II, where the Padma Awards were presented. The Padma awardees have made notable contributions to our society. The life journeys of those who were conferred the Padma are deeply motivating.""

Attended the Civil Investiture Ceremony-II, where the Padma Awards were presented. The Padma awardees have made notable contributions to our society. The life journeys of those who were conferred the Padma are deeply motivating. pic.twitter.com/A4Z8wAv2pb",,,,UNCERTAIN,NOT_APPLICABLE
ICG-Led Response Mitigates Oil Spread After Liberian Container Vessel Sinking; 46 Con...,N/A,https://pib.gov.in/PressReleseDetail.aspx?PRID=2131849,False,https://pib.gov.in,"The Indian Coast Guard’s (ICG) swift and coordinated response, supported by multiple agencies, slowed the spread of oil leaking from the sunken container vessel MSC ELSA 3 off the Alappuzha coast, Kerala. As on May 26, 2025, no oil has reached the shoreline. About 46 cargo containers washed ashore across three coastal districts of Kerala, and more debris is expected.

Three Offshore Patrol Vessels and the specialised pollution control vessel ICGS Samudra Prahari have been deployed to contain and monitor the situation. Daily aerial surveillance and spill response sorties are being conducted by ICG Dornier aircraft from Kochi.

Following the vessel’s sinking, ICG issued early advisories to the Kerala state administration and activated coordination between key stakeholders to address potential oil or hazardous and noxious substance (HNS) pollution scenarios. ICG teams also engaged in tracking floating containers at sea and are sharing real-time alerts with local authorities to support shoreline preparedness.

The Indian Coast Guard’s (ICG) swift and coordinated response, supported by multiple agencies, slowed the spread of oil leaking from the sunken container vessel MSC ELSA 3 off the Alappuzha coast, Kerala. As on May 26, 2025, no oil has reached the shoreline. About 46 cargo containers washed ashore across three coastal districts of Kerala, and more debris is expected.

Three Offshore Patrol Vessels and the specialised pollution control vessel ICGS Samudra Prahari have been deployed to contain and monitor the situation. Daily aerial surveillance and spill response sorties are being conducted by ICG Dornier aircraft from Kochi.

Following the vessel’s sinking, ICG issued early advisories to the Kerala state administration and activated coordination between key stakeholders to address potential oil or hazardous and noxious substance (HNS) pollution scenarios. ICG teams also engaged in tracking floating containers at sea and are sharing real-time alerts with local authorities to support shoreline preparedness.",,,2025-05-26,UNCERTAIN,NOT_APPLICABLE
Union Minister of Textiles Shri Giriraj Singh Chairs Textile Advisory Group (TAG) mee...,N/A,https://pib.gov.in/PressReleseDetail.aspx?PRID=2131805,False,https://pib.gov.in,"Union Minister of Textiles, Shri Giriraj Singh, chaired the Textile Advisory Group (TAG) meeting on Cotton and MMF to review the progress of initiatives aimed at strengthening the entire textile value chain. The said meeting held in Vigyan Bhawan, New Delhi was graced by Shri Pabitra Margherita, Minister of State for Textiles and Smt. Neelam Shami Rao, Secretary, Textiles.

In his address, Shri Giriraj Singh highlighted the Mission for Cotton Productivity, and underscored the critical need to enhance cotton productivity and quality to match the 5F vision of Hon’ble Prime Minister. He emphasized that innovation and collaboration will be centric to boosting farm productivity and ensuring benefits are received at all levels of the value chain. The Union Minister also suggested that data mapping will ensure a more targeted and data-driven approach to policy interventions. In his address, the union Minister of Textiles, also called upon all stakeholders to conduct a comprehensive gap analysis across the demand-supply spectrum of the industry.

The Minister of State, Shri Pabitra Margherita appealed to all industry stakeholders to work together to achieve Vision 2030 in a cohesive manner, enhance value returns to farmers by adopting sustainability in farming and augment supply of good quality cotton to the industry by adopting best of technology and processing practices.

Secretary, Textiles emphasized that all stakeholders should work together to strengthen the entire textile value chain and urged industry leaders for a concerted effort to develop a comprehensive roadmap, including integration across the value chain and adoption of advanced technologies.

Industry leaders welcomed the Minister’s vision, appreciating the Government’s proactive approach in fostering technology adoption, promoting sustainable fibres, and strengthening farmer-industry partnerships.

Senior officials from the Ministries of Textiles, Agriculture & Farmers’ Welfare, Commerce and Industry, O/o Textile Commissioner, Textiles Committee, Research Institutes, and Industry Associations were present at the meeting. The whole textile value chain was represented in the consultations in the meeting.

Union Minister of Textiles, Shri Giriraj Singh, chaired the Textile Advisory Group (TAG) meeting on Cotton and MMF to review the progress of initiatives aimed at strengthening the entire textile value chain. The said meeting held in Vigyan Bhawan, New Delhi was graced by Shri Pabitra Margherita, Minister of State for Textiles and Smt. Neelam Shami Rao, Secretary, Textiles.

In his address, Shri Giriraj Singh highlighted the Mission for Cotton Productivity, and underscored the critical need to enhance cotton productivity and quality to match the 5F vision of Hon’ble Prime Minister. He emphasized that innovation and collaboration will be centric to boosting farm productivity and ensuring benefits are received at all levels of the value chain. The Union Minister also suggested that data mapping will ensure a more targeted and data-driven approach to policy interventions. In his address, the union Minister of Textiles, also called upon all stakeholders to conduct a comprehensive gap analysis across the demand-supply spectrum of the industry.

The Minister of State, Shri Pabitra Margherita appealed to all industry stakeholders to work together to achieve Vision 2030 in a cohesive manner, enhance value returns to farmers by adopting sustainability in farming and augment supply of good quality cotton to the industry by adopting best of technology and processing practices.

Secretary, Textiles emphasized that all stakeholders should work together to strengthen the entire textile value chain and urged industry leaders for a concerted effort to develop a comprehensive roadmap, including integration across the value chain and adoption of advanced technologies.

Industry leaders welcomed the Minister’s vision, appreciating the Government’s proactive approach in fostering technology adoption, promoting sustainable fibres, and strengthening farmer-industry partnerships.

Senior officials from the Ministries of Textiles, Agriculture & Farmers’ Welfare, Commerce and Industry, O/o Textile Commissioner, Textiles Committee, Research Institutes, and Industry Associations were present at the meeting. The whole textile value chain was represented in the consultations in the meeting.",,,,UNCERTAIN,NOT_APPLICABLE
"Data Users Conference at Indian School of Business, Hyderabad on 27th May 2025",N/A,https://pib.gov.in/PressReleseDetail.aspx?PRID=2131800,False,https://pib.gov.in,"The National Statistics Office (NSO) under the Ministry of Statistics and Programme Implementation (MoSPI) , in collaboration with the Indian School of Business (ISB) , organized a Data Users Conference on 27th May 2025. The conference aimed to deepen the interaction between data producers and users through discussion on two newly released surveys—the Annual Survey of Unincorporated Sector Enterprises (ASUSE) 2023–24 and the Forward-Looking Survey on Private Sector Capital Expenditure (CAPEX) Investment Intentions .

The event witnessed participation from over 200 delegates, comprising researchers, academicians, economists, industrial associations and trade bodies, policymakers, representatives from international organizations, representatives from enterprises as well as esteemed institutions from academia and the media. Domain Experts and members of the National Statistical Commission (NSC) was also present.

The conference was chaired by Dr. Saurabh Garg, Secretary, MoSPI , who emphasized the Ministry’s core vision of ‘Data for Development’ . He noted MoSPI’s role as the largest primary data collector in India and potentially the world, with survey sample sizes lies between one to five lakh units. He pointed out to several innovations including Monthly release of the Periodic Labour Force Survey (PLFS) for both rural and urban areas the forward-looking CAPEX Investment Intentions Survey, providing insight into future private sector investment trends and Pilot on Annual Survey on Service Sector Enterprises (ASSSE). A key focus is on strengthening data dissemination through a revamped MoSPI portal featuring improved access, APIs, visualizations, and user-friendly microdata tools. The address also highlighted ongoing collaborations with research institutions, an active internship program, and efforts to enhance state-level statistical systems, particularly through more granular, district-level data on economic activity such as DDP and industrial performance indices.

In the keynote address, Dr. V. Anantha Nageswaran, Chief Economic Advisor (CEA), Government of India , commended MoSPI for its commitment to enhancing data granularity. He stated that conviction for policy reform will be sustained by the pulse of granular data. He emphasized about the insights on macroeconomic indicators based on recently released reports on the ASUSE and CAPEX investment surveys. He stated that the ASUSE and the private sector CAPEX Investment Intention Survey together cover wide ground in providing a realistic picture of activity in India's private sector. Importantly, he stressed the strategic value of granular data, stating: “ One way to enhance the prospect for desirable policy change is to constantly keep shining the spotlight on social and economic trends as granularly as possible, from the nation to states to districts to blocks. ” He also acknowledged MoSPI’s efforts to integrate diverse administrative datasets (e.g., GST, MCA21) and use of AI tools to produce district-specific insights.

Prof. Madan M. Pillutla, Dean of the Indian School of Business (ISB) in his address, extended his gratitude to MoSPI for the collaboration and emphasized on the importance of such data user conferences. He highlighted about the significance of data collection and the regularity and reliability tradition that has been followed. The address also stressed the importance of research, data, capacity building, and cross-validation.  Prof. Pillutla concluded by affirming that research and academia are deeply interlinked and have welcomed further collaboration in future.

Ms. Geeta Singh Rathore, Director General (NSS), MoSPI elaborated the significance of data user conference for bridging gap between data user and data. She also highlighted in brief about the importance and use of ASUSE and CAPEX data.

These keynote speeches set the tone for the technical sessions which started with the first presentation focused on navigating the ASUSE data ecosystem, highlighting the updated 2023–24 sampling design enabling quarterly and district-level estimates. The presentation on the ""From Intent to Insight: NSO’s New Survey on Private CAPEX,"" focussed on the value of such forward-looking surveys in identifying emerging investment clusters and guiding industrial policy, investment planning, and employment strategies, marking a major step in modernizing India's statistical landscape. The third presentation focused on the utility of ASUSE 2023–24 data for the MSME sector.

A panel moderated by the Dr. Ashwini Chhatre (ISB) and featuring Shri Dharmakirti Joshi (CRISIL) , Dr. M. Suresh Babu (MIDS) , Prof. Rishi Kumar (BITS Pilani) , Prof. C. Veeramani (CDS) , and Dr. Pallavi Choudhuri (NCAER), highlighted the growing value of CAPEX data for policy, research, and forecasting. The discussion noted strong CAPEX growth but underutilized corporate capacity, with households emerging as key contributors to GFCF. Panelists called for better microdata access, standardized metadata, and stronger state-level statistical systems.

Key takeaways from the Data Users Conference included the need

The conference reaffirmed the collective commitment of MoSPI, ISB, and data users to uphold and advance the quality, integrity, and usability of official statistics in India. It concluded with a call to further deepen cooperation, embrace technological advancements, and ensure data remains at the heart of evidence-based policymaking.

For more details on the survey reports and upcoming statistical releases, please visit the official MoSPI website: www.mospi.gov.in .

The National Statistics Office (NSO) under the Ministry of Statistics and Programme Implementation (MoSPI) , in collaboration with the Indian School of Business (ISB) , organized a Data Users Conference on 27th May 2025. The conference aimed to deepen the interaction between data producers and users through discussion on two newly released surveys—the Annual Survey of Unincorporated Sector Enterprises (ASUSE) 2023–24 and the Forward-Looking Survey on Private Sector Capital Expenditure (CAPEX) Investment Intentions .

The event witnessed participation from over 200 delegates, comprising researchers, academicians, economists, industrial associations and trade bodies, policymakers, representatives from international organizations, representatives from enterprises as well as esteemed institutions from academia and the media. Domain Experts and members of the National Statistical Commission (NSC) was also present.

The conference was chaired by Dr. Saurabh Garg, Secretary, MoSPI , who emphasized the Ministry’s core vision of ‘Data for Development’ . He noted MoSPI’s role as the largest primary data collector in India and potentially the world, with survey sample sizes lies between one to five lakh units. He pointed out to several innovations including Monthly release of the Periodic Labour Force Survey (PLFS) for both rural and urban areas the forward-looking CAPEX Investment Intentions Survey, providing insight into future private sector investment trends and Pilot on Annual Survey on Service Sector Enterprises (ASSSE). A key focus is on strengthening data dissemination through a revamped MoSPI portal featuring improved access, APIs, visualizations, and user-friendly microdata tools. The address also highlighted ongoing collaborations with research institutions, an active internship program, and efforts to enhance state-level statistical systems, particularly through more granular, district-level data on economic activity such as DDP and industrial performance indices.

In the keynote address, Dr. V. Anantha Nageswaran, Chief Economic Advisor (CEA), Government of India , commended MoSPI for its commitment to enhancing data granularity. He stated that conviction for policy reform will be sustained by the pulse of granular data. He emphasized about the insights on macroeconomic indicators based on recently released reports on the ASUSE and CAPEX investment surveys. He stated that the ASUSE and the private sector CAPEX Investment Intention Survey together cover wide ground in providing a realistic picture of activity in India's private sector. Importantly, he stressed the strategic value of granular data, stating: “ One way to enhance the prospect for desirable policy change is to constantly keep shining the spotlight on social and economic trends as granularly as possible, from the nation to states to districts to blocks. ” He also acknowledged MoSPI’s efforts to integrate diverse administrative datasets (e.g., GST, MCA21) and use of AI tools to produce district-specific insights.

Prof. Madan M. Pillutla, Dean of the Indian School of Business (ISB) in his address, extended his gratitude to MoSPI for the collaboration and emphasized on the importance of such data user conferences. He highlighted about the significance of data collection and the regularity and reliability tradition that has been followed. The address also stressed the importance of research, data, capacity building, and cross-validation.  Prof. Pillutla concluded by affirming that research and academia are deeply interlinked and have welcomed further collaboration in future.

Ms. Geeta Singh Rathore, Director General (NSS), MoSPI elaborated the significance of data user conference for bridging gap between data user and data. She also highlighted in brief about the importance and use of ASUSE and CAPEX data.

These keynote speeches set the tone for the technical sessions which started with the first presentation focused on navigating the ASUSE data ecosystem, highlighting the updated 2023–24 sampling design enabling quarterly and district-level estimates. The presentation on the ""From Intent to Insight: NSO’s New Survey on Private CAPEX,"" focussed on the value of such forward-looking surveys in identifying emerging investment clusters and guiding industrial policy, investment planning, and employment strategies, marking a major step in modernizing India's statistical landscape. The third presentation focused on the utility of ASUSE 2023–24 data for the MSME sector.

A panel moderated by the Dr. Ashwini Chhatre (ISB) and featuring Shri Dharmakirti Joshi (CRISIL) , Dr. M. Suresh Babu (MIDS) , Prof. Rishi Kumar (BITS Pilani) , Prof. C. Veeramani (CDS) , and Dr. Pallavi Choudhuri (NCAER), highlighted the growing value of CAPEX data for policy, research, and forecasting. The discussion noted strong CAPEX growth but underutilized corporate capacity, with households emerging as key contributors to GFCF. Panelists called for better microdata access, standardized metadata, and stronger state-level statistical systems.

Key takeaways from the Data Users Conference included the need

The conference reaffirmed the collective commitment of MoSPI, ISB, and data users to uphold and advance the quality, integrity, and usability of official statistics in India. It concluded with a call to further deepen cooperation, embrace technological advancements, and ensure data remains at the heart of evidence-based policymaking.

For more details on the survey reports and upcoming statistical releases, please visit the official MoSPI website: www.mospi.gov.in .",,,,YES,UNCERTAIN_COST
PRESIDENT OF INDIA PRESENTS PADMA AWARDS 2025 AT THE CIVIL INVESTITURE CEREMONY-II,N/A,https://pib.gov.in/PressReleseDetail.aspx?PRID=2131777,False,https://pib.gov.in,"The President of India, Smt Droupadi Murmu presented   Padma Vibhushan, Padma Bhushan and Padma Shri Awards for the year 2025 at the Civil Investiture Ceremony-II held at Rashtrapati Bhavan this evening (May 27, 2025). Among the dignitaries present on the occasion were Vice President of India, Prime Minister of India and Union Minister for Home Affairs.

List of Awardees and photographs of the ceremony are attached.

The President of India, Smt Droupadi Murmu presented   Padma Vibhushan, Padma Bhushan and Padma Shri Awards for the year 2025 at the Civil Investiture Ceremony-II held at Rashtrapati Bhavan this evening (May 27, 2025). Among the dignitaries present on the occasion were Vice President of India, Prime Minister of India and Union Minister for Home Affairs.

List of Awardees and photographs of the ceremony are attached.",,,2025-05-27,UNCERTAIN,NOT_APPLICABLE
CCI approves the proposed combination involving Jumbotail Technologies Pvt. Ltd. (JTP...,N/A,https://pib.gov.in/PressReleseDetail.aspx?PRID=2131761,False,https://pib.gov.in,"The Competition Commission of India has approved the proposed combination involving Jumbotail Technologies Pvt. Ltd. (JTPL), Standard Chartered Research and Technology India Pvt. Ltd. (SCRTIPL), SC Ventures Holdings Limited (SC Ventures), Solv-India Pte. Ltd. (Solv-India), SCV Master Holding Company Pte. Ltd. (SCV Master), Artal Asia Pte Ltd. (Artal Asia), and founders of JTPL, namely Mr. Subramanian Karthik Venkateswaran and Mr. Ashish Jhina .

(i) acquisition of 100% shareholding in SCRTIPL by JTPL;

(ii) issuance of certain shares of JTPL to SC Ventures and Solv-India;

(iii) subscription of certain shares in JTPL by SCV Master and Artal Asia;

(iv) subscription of certain shares in JTPL by Artal Asia and Founders, who have agreed to backstop the investment obligations of certain other entities.

JTPL is engaged in the business of an online marketplace facilitating the wholesale and distribution of products; and providing certain ancillary services to the sellers and buyers of the products on its platform.

SCRTIPL operates ‘Solv’, which is an online B2B platform facilitating Micro, Small, and Medium Enterprises to sell their products to retailers and other businesses; and provides ancillary services such as payment collection and credit solutions to the users of its platform ‘Solv’.

SC Ventures as an entity does not have any business activity in India and is only present through its indirect subsidiaries in relation to the online B2B business and other businesses.

Solv-India is an intermediary holding company of SCRTIPL and does not have any business activity of its own.

SCV Master as an entity does not have any direct business activity in India and is only present through its direct and indirect subsidiaries in relation to the online B2B business and other businesses.

Artal Asia is based out of Singapore and invests in late-stage companies in e-commerce, food and beverage and grocery industries, and has an indirect business presence in India through its affiliate entities (including JTPL).

The Founders are only engaged in the business of operating and managing the JTPL Group.

The Competition Commission of India has approved the proposed combination involving Jumbotail Technologies Pvt. Ltd. (JTPL), Standard Chartered Research and Technology India Pvt. Ltd. (SCRTIPL), SC Ventures Holdings Limited (SC Ventures), Solv-India Pte. Ltd. (Solv-India), SCV Master Holding Company Pte. Ltd. (SCV Master), Artal Asia Pte Ltd. (Artal Asia), and founders of JTPL, namely Mr. Subramanian Karthik Venkateswaran and Mr. Ashish Jhina .

(i) acquisition of 100% shareholding in SCRTIPL by JTPL;

(ii) issuance of certain shares of JTPL to SC Ventures and Solv-India;

(iii) subscription of certain shares in JTPL by SCV Master and Artal Asia;

(iv) subscription of certain shares in JTPL by Artal Asia and Founders, who have agreed to backstop the investment obligations of certain other entities.

JTPL is engaged in the business of an online marketplace facilitating the wholesale and distribution of products; and providing certain ancillary services to the sellers and buyers of the products on its platform.

SCRTIPL operates ‘Solv’, which is an online B2B platform facilitating Micro, Small, and Medium Enterprises to sell their products to retailers and other businesses; and provides ancillary services such as payment collection and credit solutions to the users of its platform ‘Solv’.

SC Ventures as an entity does not have any business activity in India and is only present through its indirect subsidiaries in relation to the online B2B business and other businesses.

Solv-India is an intermediary holding company of SCRTIPL and does not have any business activity of its own.

SCV Master as an entity does not have any direct business activity in India and is only present through its direct and indirect subsidiaries in relation to the online B2B business and other businesses.

Artal Asia is based out of Singapore and invests in late-stage companies in e-commerce, food and beverage and grocery industries, and has an indirect business presence in India through its affiliate entities (including JTPL).

The Founders are only engaged in the business of operating and managing the JTPL Group.",,,,UNCERTAIN,NOT_APPLICABLE
CCI approves the proposed acquisition of 100% shareholding of Dowlais Group plc by Am...,N/A,https://pib.gov.in/PressReleseDetail.aspx?PRID=2131760,False,https://pib.gov.in,"The Competition Commission of India has approved the proposed acquisition of 100% shareholding of Dowlais Group plc by American Axle & Manufacturing Holdings, Inc.

The proposed combination entails the acquisition of the entire (100%) issued and to be issued ordinary share capital of, and thereof sole control, of Dowlais Group plc ( Proposed Combination ).

American Axle & Manufacturing Holdings, Inc. ( Acquirer ), is a company listed on the New York Stock Exchange and is the ultimate parent entity ( UPE ) of the AAM group. Globally, the AAM group is engaged in the design, engineering, and manufacture of drive transmission components and metal forming technologies to support electric, hybrid and internal combustion vehicles. In India, the AAM group is engaged in the supply of drive transmission components and metal automotive components.

Dowlais Group plc ( Target ) is a company listed on the London Stock Exchange and is the UPE of the Dowlais group. Globally, the Dowlais group is engaged in the development of driveline products, production of sintered metal products for the automotive and industrial sectors, manufacture of atomised metal powders and products manufactured using additive manufacturing processes. In India, the Dowlais group is engaged in the supply of drive transmission components and metal automotive components.

The Competition Commission of India has approved the proposed acquisition of 100% shareholding of Dowlais Group plc by American Axle & Manufacturing Holdings, Inc.

The proposed combination entails the acquisition of the entire (100%) issued and to be issued ordinary share capital of, and thereof sole control, of Dowlais Group plc ( Proposed Combination ).

American Axle & Manufacturing Holdings, Inc. ( Acquirer ), is a company listed on the New York Stock Exchange and is the ultimate parent entity ( UPE ) of the AAM group. Globally, the AAM group is engaged in the design, engineering, and manufacture of drive transmission components and metal forming technologies to support electric, hybrid and internal combustion vehicles. In India, the AAM group is engaged in the supply of drive transmission components and metal automotive components.

Dowlais Group plc ( Target ) is a company listed on the London Stock Exchange and is the UPE of the Dowlais group. Globally, the Dowlais group is engaged in the development of driveline products, production of sintered metal products for the automotive and industrial sectors, manufacture of atomised metal powders and products manufactured using additive manufacturing processes. In India, the Dowlais group is engaged in the supply of drive transmission components and metal automotive components.",,,,UNCERTAIN,NOT_APPLICABLE
DMHO ASR  TENDERS FOR AMBULANCES FROM MP LADS FUNDS,N/A,https://allurisitharamaraju.ap.gov.in/document/dmho-asr-tenders-for-ambulances-from-mp-lads-funds/,False,https://allurisitharamaraju.ap.gov.in,,https://cdn.s3waas.gov.in/s3ccb1d45fb76f7c5a0bf619f979c6cf36/uploads/2025/05/2025052855.pdf,PDF_PROCESSING_SKIPPED_DUE_TO_TIMEOUTS,,UNCERTAIN,NOT_APPLICABLE
"Status of the Candiates applied for posts in ICPS, SAA, OSC & Children Home Chinthapalli",N/A,https://allurisitharamaraju.ap.gov.in/document/status-of-the-candiates-applied-for-posts-in-icps-saa-osc-children-home-chinthapalli/,False,https://allurisitharamaraju.ap.gov.in,,https://cdn.s3waas.gov.in/s3ccb1d45fb76f7c5a0bf619f979c6cf36/uploads/2025/05/2025052384.pdf,PDF_PROCESSING_SKIPPED_DUE_TO_TIMEOUTS,,UNCERTAIN,NOT_APPLICABLE
Recruitment Notification For State GST,N/A,https://allurisitharamaraju.ap.gov.in/document/recruitment-notification-for-state-gst/,False,https://allurisitharamaraju.ap.gov.in,,https://cdn.s3waas.gov.in/s3ccb1d45fb76f7c5a0bf619f979c6cf36/uploads/2025/04/2025042632.pdf,PDF_PROCESSING_SKIPPED_DUE_TO_TIMEOUTS,,UNCERTAIN,NOT_APPLICABLE
DWSC Recruitment notification,N/A,https://allurisitharamaraju.ap.gov.in/document/dwsc-recruitment-notification/,False,https://allurisitharamaraju.ap.gov.in,,https://cdn.s3waas.gov.in/s3ccb1d45fb76f7c5a0bf619f979c6cf36/uploads/2025/04/2025041922.pdf,PDF_PROCESSING_SKIPPED_DUE_TO_TIMEOUTS,,UNCERTAIN,NOT_APPLICABLE
RECRUITMENT FOR THE POST OF MEDICAL RECORD TECHNICIAN,N/A,https://allurisitharamaraju.ap.gov.in/document/recruitment-for-the-post-of-medical-record-technician/,False,https://allurisitharamaraju.ap.gov.in,,https://cdn.s3waas.gov.in/s3ccb1d45fb76f7c5a0bf619f979c6cf36/uploads/2025/04/2025040771.pdf,PDF_PROCESSING_SKIPPED_DUE_TO_TIMEOUTS,,UNCERTAIN,NOT_APPLICABLE
Notification CHs April 2025 revised.,N/A,https://allurisitharamaraju.ap.gov.in/document/notification-chs-april-2025-revised/,False,https://allurisitharamaraju.ap.gov.in,,https://cdn.s3waas.gov.in/s3ccb1d45fb76f7c5a0bf619f979c6cf36/uploads/2025/04/2025040789.pdf,PDF_PROCESSING_SKIPPED_DUE_TO_TIMEOUTS,,UNCERTAIN,NOT_APPLICABLE
Notification for the vacant posts in Children Home Chinthapalli,N/A,https://allurisitharamaraju.ap.gov.in/document/notification-for-the-vacant-posts-in-children-home-chinthapalli/,False,https://allurisitharamaraju.ap.gov.in,,https://cdn.s3waas.gov.in/s3ccb1d45fb76f7c5a0bf619f979c6cf36/uploads/2025/04/2025040360.pdf,PDF_PROCESSING_SKIPPED_DUE_TO_TIMEOUTS,,UNCERTAIN,NOT_APPLICABLE
Notification ICPS & SAA April 2025,N/A,https://allurisitharamaraju.ap.gov.in/document/notification-icps-saa-april-2025/,False,https://allurisitharamaraju.ap.gov.in,,https://cdn.s3waas.gov.in/s3ccb1d45fb76f7c5a0bf619f979c6cf36/uploads/2025/04/2025040750.pdf,PDF_PROCESSING_SKIPPED_DUE_TO_TIMEOUTS,,UNCERTAIN,NOT_APPLICABLE
Notification OSC April 2025,N/A,https://allurisitharamaraju.ap.gov.in/document/notification-osc-april-2025/,False,https://allurisitharamaraju.ap.gov.in,,https://cdn.s3waas.gov.in/s3ccb1d45fb76f7c5a0bf619f979c6cf36/uploads/2025/04/2025040174.pdf,PDF_PROCESSING_SKIPPED_DUE_TO_TIMEOUTS,,UNCERTAIN,NOT_APPLICABLE
MCC - Elections - Biennial Elections to Andhra Pradesh Legislative Council from Srikakulam- Vizianagaram-Visakhapatnam Teachers Constituency,N/A,https://allurisitharamaraju.ap.gov.in/document/mcc-elections-biennial-elections-to-andhra-pradesh-legislative-council-from-srikakulam-vizianagaram-visakhapatnam-teachers-constituency/,False,https://allurisitharamaraju.ap.gov.in,,,,,UNCERTAIN,NOT_APPLICABLE
Self defence short notice,N/A,https://allurisitharamaraju.ap.gov.in/document/elf-defence-short-notice-29-jan-2025/,False,https://allurisitharamaraju.ap.gov.in,,,,,UNCERTAIN,NOT_APPLICABLE
Araku Festival,N/A,https://allurisitharamaraju.ap.gov.in/document/araku-festival/,False,https://allurisitharamaraju.ap.gov.in,,,,,YES,UNCERTAIN_COST
Paderu Medical College-Corrigendum of 5 category posts,N/A,https://allurisitharamaraju.ap.gov.in/document/corrigendum/,False,https://allurisitharamaraju.ap.gov.in,,,,,UNCERTAIN,NOT_APPLICABLE
OPERATION THEATRE TECHNICIAN NOTIFILE,N/A,https://allurisitharamaraju.ap.gov.in/document/operation-theatre-technician-notifile/,False,https://allurisitharamaraju.ap.gov.in,,,,,UNCERTAIN,NOT_APPLICABLE
Revised notification for application,N/A,https://allurisitharamaraju.ap.gov.in/document/revised-notification-for-application/,False,https://allurisitharamaraju.ap.gov.in,,,,,UNCERTAIN,NOT_APPLICABLE
TENDER FOR SPECTACLES -DISTRICT BLINDNESS CONTROL SOCIETY,N/A,https://allurisitharamaraju.ap.gov.in/document/tender-for-spectacles-district-blindness-control-society/,False,https://allurisitharamaraju.ap.gov.in,,,,,UNCERTAIN,NOT_APPLICABLE
EMRS GUEST TEACHER REQUITMENT-2024 MERIT LIST OF ACADEMIC QUALIFICATIONS,N/A,https://allurisitharamaraju.ap.gov.in/document/emrs-guest-teacher-requitment-2024-merit-list-of-academic-qualifications/,False,https://allurisitharamaraju.ap.gov.in,,,,,UNCERTAIN,NOT_APPLICABLE
"Govt Medical College,Paderu: Recruitment Notification",N/A,https://allurisitharamaraju.ap.gov.in/document/medical-collegepaderu/,False,https://allurisitharamaraju.ap.gov.in,,,,,UNCERTAIN,NOT_APPLICABLE
SHORT TENDER NOTIFICATION - SAMAGRA SIKSHA,N/A,https://allurisitharamaraju.ap.gov.in/document/short-tender-notification-samagra-siksha/,False,https://allurisitharamaraju.ap.gov.in,,,,,UNCERTAIN,NOT_APPLICABLE
Civil Supplies Vacancy Notification @ Anakapalli District,N/A,https://anakapalli.ap.gov.in,False,https://allurisitharamaraju.ap.gov.in,,,,,UNCERTAIN,NOT_APPLICABLE
"Medical College,Paderu:Final Merit List",N/A,https://allurisitharamaraju.ap.gov.in/document/merit-list/,False,https://allurisitharamaraju.ap.gov.in,,,,,UNCERTAIN,NOT_APPLICABLE
DISTRICT SURVEY - REPORT SAND AND OTHER MINOR MINERALS - ASR DISTRICT.,N/A,https://allurisitharamaraju.ap.gov.in/document/district-survey-report-sand-and-other-minor-minerals-asr-district/,False,https://allurisitharamaraju.ap.gov.in,,,,,UNCERTAIN,NOT_APPLICABLE
ASR_KGBV_Merit list,N/A,https://allurisitharamaraju.ap.gov.in/document/asr_kgbv_merit-list_/,False,https://allurisitharamaraju.ap.gov.in,,,,,UNCERTAIN,NOT_APPLICABLE
List of Candidates Applied for Posts in CHILDREN HOMES (PADERU & CHINTHAPALLI) of ASR District,N/A,https://allurisitharamaraju.ap.gov.in/document/list-of-candidates-applied-for-posts-in-children-homes-paderu-chinthapalli-of-asr-district/,False,https://allurisitharamaraju.ap.gov.in,,,,,UNCERTAIN,NOT_APPLICABLE
EMRS (EKALAVYA MODEL RESIDENTIAL SCHOOL) STAFF RECURITMENT 2024-25,N/A,https://allurisitharamaraju.ap.gov.in/document/emrs-ekalavya-model-residential-school-staff-recuritment-2024-25/,False,https://allurisitharamaraju.ap.gov.in,,,,,UNCERTAIN,NOT_APPLICABLE
List of Candidates Applied for Posts in ONE STOP CENTER of ASR District,N/A,https://allurisitharamaraju.ap.gov.in/document/list-of-candidates-applied-for-posts-in-one-stop-center-of-asr-district/,False,https://allurisitharamaraju.ap.gov.in,,,,,UNCERTAIN,NOT_APPLICABLE
Requirement stalls detals,N/A,https://allurisitharamaraju.ap.gov.in/document/requirement-stalls-detals/,False,https://allurisitharamaraju.ap.gov.in,,,,,UNCERTAIN,NOT_APPLICABLE
List of Applicants for allotment of RBZ stalls from 2019-till date,N/A,https://allurisitharamaraju.ap.gov.in/document/list-of-applicants-for-allotment-of-rbz-stalls-from-2019-till-date/,False,https://allurisitharamaraju.ap.gov.in,,,,,UNCERTAIN,NOT_APPLICABLE
"Poshan Abhiyaan - DC, DPA & BC Posts",N/A,https://allurisitharamaraju.ap.gov.in/document/poshan-abhiyaan-dc-dpa-bc-posts/,False,https://allurisitharamaraju.ap.gov.in,,,,,UNCERTAIN,NOT_APPLICABLE
Mission Vatsalya - DCPU & SAA Posts,N/A,https://allurisitharamaraju.ap.gov.in/document/notification-for-recruitment-of-children-homes-paderu-and-chinthapalli-posts-of-asr-dist/,False,https://allurisitharamaraju.ap.gov.in,,,,,UNCERTAIN,NOT_APPLICABLE
Notification for Recruitment of Children homes Paderu and Chinthapalli posts of ASR Dist,N/A,https://allurisitharamaraju.ap.gov.in/document/notification-for-recruitment-of-children-homes-paderu-and-chinthapalli-posts-of-asr-dist/,False,https://allurisitharamaraju.ap.gov.in,,,,,NO,NOT_APPLICABLE
WOMEN DEVELOPMENT AND CHILD WELFARE DEPARTMENT RECRUITMENT NOTIFICATION,N/A,https://allurisitharamaraju.ap.gov.in/document/women-development-and-child-welfare-department-recruitment-notification-2/,False,https://allurisitharamaraju.ap.gov.in,,,,,UNCERTAIN,NOT_APPLICABLE
"Local Complaint Committee for Sexual Harassment of Women at Workplace.(Prevention, Prohibition, and Redressel Act-2013).pdf",N/A,https://allurisitharamaraju.ap.gov.in/document/local-complaint-committee-for-sexual-harassment-of-women-at-workplace-prevention-prohibition-and-redressel-act-2013/,False,https://allurisitharamaraju.ap.gov.in,,,,,UNCERTAIN,NOT_APPLICABLE
"Internal Complaint  Committee Nodal Officers(Mandal Level)  for Sexual Harassment of Women at Workplace.(Prevention, Prohibition, and Redressel Act-2013)",N/A,https://allurisitharamaraju.ap.gov.in/document/internal-complaint-committee-nodal-officersmandal-level-for-sexual-harassment-of-women-at-workplace-prevention-prohibition-and-redressel-act-2013/,False,https://allurisitharamaraju.ap.gov.in,,,,,UNCERTAIN,NOT_APPLICABLE
DISTRICT HANDBOOK OF STATISTICS,N/A,https://allurisitharamaraju.ap.gov.in/document/district-handbook-of-statistics/,False,https://allurisitharamaraju.ap.gov.in,,,,,UNCERTAIN,NOT_APPLICABLE
"Shri Dharmendra Pradhan presides over LoI handover ceremony to University of Liverpool   (Monday,26-May-2025 ) - (158.54 KB)","Monday,26-May-2025",https://www.education.gov.in/sites/upload_files/mhrd/files/PIB2131284.pdf,False,https://www.education.gov.in,,,PDF_PROCESSING_SKIPPED_DUE_TO_TIMEOUTS,2025-05-26,UNCERTAIN,NOT_APPLICABLE
"Invitation to Participate in the Quantum Light: A Visual Odyssey – Visual Works Contest and Exhibition   (Tuesday,20-May-2025 ) - (1.07 MB)","Tuesday,20-May-2025",https://www.education.gov.in/sites/upload_files/mhrd/files/QL.pdf,False,https://www.education.gov.in,,,PDF_PROCESSING_SKIPPED_DUE_TO_TIMEOUTS,2025-05-20,YES,UNCERTAIN_COST
"Call for nominations - 2025 UNESCO-Uzbekistan Beruniy Prize for Scientific Research on the Ethics of Artificial Intelligence   (Friday,16-May-2025 ) - (683.38 KB)","Friday,16-May-2025",https://www.education.gov.in/sites/upload_files/mhrd/files/ubp.pdf,False,https://www.education.gov.in,,,PDF_PROCESSING_SKIPPED_DUE_TO_TIMEOUTS,2025-05-16,UNCERTAIN,NOT_APPLICABLE
"Public Notice dt. 13.05.2025 regarding list of nominated candidates for the Commonwealth Masters Scholarship 2025 Round   (Tuesday,13-May-2025 ) - (176.11 KB)","Tuesday,13-May-2025",https://www.education.gov.in/sites/upload_files/mhrd/files/pn2025nc.pdf,False,https://www.education.gov.in,,,PDF_PROCESSING_SKIPPED_DUE_TO_TIMEOUTS,2025-05-13,UNCERTAIN,NOT_APPLICABLE
"Call for Candidates for the 2025 ICM Martial Arts Education Prize   (Friday,09-May-2025 ) - (3.64 MB)","Friday,09-May-2025",https://www.education.gov.in/sites/upload_files/mhrd/files/cfama.pdf,False,https://www.education.gov.in,,,PDF_PROCESSING_SKIPPED_DUE_TO_TIMEOUTS,2025-05-09,UNCERTAIN,NOT_APPLICABLE
"Appointment of Vice-Chancellor of Central University of Andhra Pradesh   (Friday,09-May-2025 ) - (1008.02 KB)","Friday,09-May-2025",https://www.education.gov.in/sites/upload_files/mhrd/files/vccuap.pdf,False,https://www.education.gov.in,,,PDF_PROCESSING_SKIPPED_DUE_TO_TIMEOUTS,2025-05-09,UNCERTAIN,NOT_APPLICABLE
"Cabinet approves expansion of academic and infrastructure capacity of five Indian Institutes of Technology (IITs) established in Andhra Pradesh (Tirupati), Chhattisgarh (Bhilai), Jammu & Kashmir (Jammu), Karnataka (Dharwad) and Kerala (Palakkad)   (Wednesday,07-May-2025 ) - (81.6 KB)","Wednesday,07-May-2025",https://www.education.gov.in/sites/upload_files/mhrd/files/PIB2127413.pdf,False,https://www.education.gov.in,,,PDF_PROCESSING_SKIPPED_DUE_TO_TIMEOUTS,2025-05-07,UNCERTAIN,NOT_APPLICABLE
"Appointment of Vice-Chancellor of Tripura University   (Monday,05-May-2025 ) - (997.06 KB)","Monday,05-May-2025",https://www.education.gov.in/sites/upload_files/mhrd/files/vc-tripura.pdf,False,https://www.education.gov.in,,,PDF_PROCESSING_SKIPPED_DUE_TO_TIMEOUTS,2025-05-05,UNCERTAIN,NOT_APPLICABLE
"Final list of candidates for the election of two members to represent CoA   (Friday,02-May-2025 ) - (462.38 KB)","Friday,02-May-2025",https://www.education.gov.in/sites/upload_files/mhrd/files/coa-final.pdf,False,https://www.education.gov.in,,,PDF_PROCESSING_SKIPPED_DUE_TO_TIMEOUTS,2025-05-02,UNCERTAIN,NOT_APPLICABLE
"Shri Dharmendra Pradhan delivers closing remarks at the National Workshop on Multi-Disciplinary Education and Research Universities under PM-USHA   (Thursday,01-May-2025 ) - (115.33 KB)","Thursday,01-May-2025",https://www.education.gov.in/sites/upload_files/mhrd/files/PIB2126078.pdf,False,https://www.education.gov.in,,,PDF_PROCESSING_SKIPPED_DUE_TO_TIMEOUTS,2025-05-01,YES,UNCERTAIN_COST
"Public Notice : Japanese Government MEXT Scholarships for Undergraduate, KOSEN and Specialized Training College - Academic Year 2026   (Thursday,01-May-2025 ) - (24.52 MB)","Thursday,01-May-2025",https://www.education.gov.in/sites/upload_files/mhrd/files/mext-kosen.pdf,False,https://www.education.gov.in,,,PDF_PROCESSING_SKIPPED_DUE_TO_TIMEOUTS,2025-05-01,UNCERTAIN,NOT_APPLICABLE
"Public Notice : Japanese Government MEXT Scholarships for Research Studies - Academic Year 2026   (Thursday,01-May-2025 ) - (1.12 MB)","Thursday,01-May-2025",https://www.education.gov.in/sites/upload_files/mhrd/files/pn-mext-japan.pdf,False,https://www.education.gov.in,,,PDF_PROCESSING_SKIPPED_DUE_TO_TIMEOUTS,2025-05-01,UNCERTAIN,NOT_APPLICABLE
"Dr. Sukanta Majumdar inaugurates two-day National Workshop on Multi-Disciplinary Education and Research Universities under PM-USHA   (Wednesday,30-April-2025 ) - (114.73 KB)","Wednesday,30-April-2025",https://www.education.gov.in/sites/upload_files/mhrd/files/PIB2125442.pdf,False,https://www.education.gov.in,,,PDF_PROCESSING_SKIPPED_DUE_TO_TIMEOUTS,2025-04-30,YES,UNCERTAIN_COST
"Prime Minister Shri Narendra Modi addresses YUGM Innovation conclave   (Tuesday,29-April-2025 ) - (147.72 KB)","Tuesday,29-April-2025",https://www.education.gov.in/sites/upload_files/mhrd/files/PIB2125248.pdf,False,https://www.education.gov.in,,,PDF_PROCESSING_SKIPPED_DUE_TO_TIMEOUTS,2025-04-29,UNCERTAIN,NOT_APPLICABLE
"Shri Dharmendra Pradhan presides over LoI handover ceremony to University of Liverpool   (Monday,26-May-2025 ) - (158.54 KB)","Monday,26-May-2025",https://www.education.gov.in/sites/upload_files/mhrd/files/PIB2131284.pdf,False,https://www.education.gov.in,,,PDF_PROCESSING_SKIPPED_DUE_TO_TIMEOUTS,2025-05-26,UNCERTAIN,NOT_APPLICABLE
"Cabinet approves expansion of academic and infrastructure capacity of five Indian Institutes of Technology (IITs) established in Andhra Pradesh (Tirupati), Chhattisgarh (Bhilai), Jammu & Kashmir (Jammu), Karnataka (Dharwad) and Kerala (Palakkad)   (Wednesday,07-May-2025 ) - (81.6 KB)","Wednesday,07-May-2025",https://www.education.gov.in/sites/upload_files/mhrd/files/PIB2127413.pdf,False,https://www.education.gov.in,,,PDF_PROCESSING_SKIPPED_DUE_TO_TIMEOUTS,2025-05-07,UNCERTAIN,NOT_APPLICABLE
"Shri Dharmendra Pradhan delivers closing remarks at the National Workshop on Multi-Disciplinary Education and Research Universities under PM-USHA   (Thursday,01-May-2025 ) - (115.33 KB)","Thursday,01-May-2025",https://www.education.gov.in/sites/upload_files/mhrd/files/PIB2126078.pdf,False,https://www.education.gov.in,,,PDF_PROCESSING_SKIPPED_DUE_TO_TIMEOUTS,2025-05-01,YES,UNCERTAIN_COST
"Dr. Sukanta Majumdar inaugurates two-day National Workshop on Multi-Disciplinary Education and Research Universities under PM-USHA   (Wednesday,30-April-2025 ) - (114.73 KB)","Wednesday,30-April-2025",https://www.education.gov.in/sites/upload_files/mhrd/files/PIB2125442.pdf,False,https://www.education.gov.in,,,PDF_PROCESSING_SKIPPED_DUE_TO_TIMEOUTS,2025-04-30,YES,UNCERTAIN_COST
"Prime Minister Shri Narendra Modi addresses YUGM Innovation conclave   (Tuesday,29-April-2025 ) - (147.72 KB)","Tuesday,29-April-2025",https://www.education.gov.in/sites/upload_files/mhrd/files/PIB2125248.pdf,False,https://www.education.gov.in,,,PDF_PROCESSING_SKIPPED_DUE_TO_TIMEOUTS,2025-04-29,UNCERTAIN,NOT_APPLICABLE
